testImages/remoteControl1.jfif:remoteControl,64233.8125,334432.9688,483827008,1050417920,1525325824,2177232896,2926163968,3352744704,4248106752,5111524864,0.8405,0.7295,0.4103,inf,1.5333,1.3333,inf,inf,2.25,2.6667,1,3.875,7.8,0,0.6,3,0,0,0.25,0.3333
testImages/remoteControl3.jfif:remoteControl,2868.9236,740405,864141.4375,1301469.375,1644111.5,2831751.25,2596435,4267249,8000797.5,6559945.5,0.982,0.5177,0.4836,0.7273,0.1238,0.5267,0.6632,0.6333,0.5698,0.727,1.511,0.3594,4.2727,0.0997,0.2913,2.7959,1.9,1.1111,2.0769,0.0993
testImages/remoteControl4.jfif:remoteControl,115003.5625,574931.8125,376119296,901198592,2209482240,2003138048,2037342080,3020462080,3796147712,4538735616,0.834,0.7482,0.7489,0.6528,1.6111,0.9821,0.9818,0.6029,0.9062,2.1538,1,3.845,0.0195,13.5,36,1.1429,2.2,4.25,0.5,0.0769
testImages/remoteControl5.jfif:remoteControl,3146.2153,5543023,81547320,414476032,159674624,159071584,0,0,0,0,1.0059,0.6786,inf,inf,inf,inf,0,0,0,0,1.3368,9.1429,0,nan,nan,nan,0,0,0,0
testImages/remoteControl6.jfif:remoteControl,1971.9094,45555.4141,653733.75,1747637,606844.375,1150206.875,1560472.25,4773466,5169264,30686504,0.897,0.5317,0.4932,0.6898,0.4901,0.8274,0.6345,0.6854,0.8516,0.6915,0.4046,2.8839,0.4103,1.1275,0.434,1.1667,0.3734,3.5613,0.2857,0.181
testImages/remoteControl7.jpg:remoteControl,16604.5723,696920.5,1565405.125,2778328,20270022,15391593,42602220,77435624,237708592,59067504,0.9491,0.7374,0.4149,0.47,0.5455,0.5892,0.771,0.6179,0.6648,0.3807,0.7087,2.4603,3.4534,1.5015,1.0031,1.4874,2.5869,0.9943,1,0.6667
testImages/remoteControl8.jpg:remoteControl,89078.1406,7512041.5,7979217.5,13168445,22082290,29406146,31304440,51422184,99962128,60591712,58454.3125,0.3197,0.3139,0.4465,0.2147,0.5278,0.3518,0.2656,0.5367,0.3327,1,1.7862,0.2365,1.253,3.8492,2.3469,2.0328,1.7869,0.9825,0.8435
testImages/remoteControl9.jfif:remoteControl,2830.6833,1199561.375,1900345.25,2901984,4488990,9875536,15708283,41750132,0,0,0.9949,0.2828,0.6071,0.9346,0.8,inf,inf,1.6,0,0,1.511,0.7568,0.3571,1.8889,3.6,0,0,5,0,0
testImages/remoteControl10.jfif:remoteControl,2891.5991,286079.7188,638125.375,1738531.5,1603427.25,4310768,4781941,15136169,13085906,22911590,0.9743,0.2807,0.5383,0.4071,0.6043,0.452,0.5731,0.7384,0.6364,1.1333,1.511,1.8597,2.6296,0.4794,14.3174,0.875,2.6562,0.5075,0.5455,0.6
testImages/Scissors1.jfif:scissors,3371.8679,201631.0156,24906702,29493482,45607792,122085568,97331992,0,0,0,0.9878,0.2518,0.4627,0.5509,inf,inf,inf,0,0,0,1.2727,2.0047,0.3941,0.1889,0,0,0,0,0,0
testImages/Scissors2.jfif:scissors,3571.5286,517691.125,752269.25,4910804.5,10877089,7290917,21673558,41333976,61364228,61364228,0.9895,0.3488,0.3732,0.2572,0.1979,0.6173,1.2222,1.7143,inf,3,0.8327,1.2475,1.3562,2.8882,2.8785,0.5,0.36,0.1429,0,0.5
testImages/Scissors4.jfif:scissors,2768.6816,438423.2188,698293.8125,4809385,2469523.5,16171122,52134252,80854416,343451968,263176256,0.9951,0.2718,0.7056,0.581,0.4318,1.6667,1.75,inf,inf,inf,1.5389,5.9918,0.1713,6.1048,0.208,1.5,0.25,0,nan,nan
testImages/Scissors6.png:scissors,4292.1465,705699.75,1207043.125,6327693,14620999,6782896,22216100,18691882,8724287,46832528,0.9919,0.2928,0.5621,1.098,0.5412,0.9375,0.9732,1.2857,0.8125,2.25,1,3.3258,0.3721,0.2105,3.2816,0.25,0.2872,2.3333,0.5,8
testImages/Scissors7.jfif:scissors,4378.3916,214642.2812,515074.7812,1911615.125,7113492.5,0,0,0,0,0,0.9727,0.2638,0.2347,0.2036,0.8372,0,0,0,0,0,1,0.5319,1.5773,1.6531,0.1243,0,0,0,0,0
testImages/Scissors8.jfif:scissors,2308.9241,389771.4375,2868743.75,628471.4375,853780.8125,813285.625,1662577.25,5737270.5,3847787.75,6912579.5,0.9798,0.4868,0.363,0.5601,0.4732,0.5947,0.5578,0.4585,0.578,0.7292,1.8773,0.0813,1.5263,1.4375,0.1769,0.0656,0.9842,7.5694,0.1165,0.3053
testImages/Scissors10.jfif:scissors,4235.1543,2602385,4923514,10889905,14697178,220861744,217643264,259113952,0,0,1.005,0.4559,0.531,1.25,1.5,inf,inf,inf,0,0,1,1.4167,4.4286,0.8,2.5,nan,nan,nan,0,0
testImages/Apple1.jpg:apple,534915.1875,1341272.25,29771760,894298304,1063287936,3688065024,4491312128,3907548160,4848361472,2899138304,0.659,0.5607,0.3821,0.3967,0.409,0.4851,0.355,0.3631,0.3536,0.2962,0.9026,1.254,1.9329,0.1985,0.4958,4.1654,1.1853,0.5518,2.3862,0.6909
testImages/Apple2.jfif:apple,4209.0439,113764.5703,516894.375,1694218.375,1519041.5,3532161.5,3695836.75,4528832.5,4203634,11679130,0.915,0.4823,0.5153,0.3907,0.443,0.875,0.724,0.8182,0.637,0.7714,0.9064,1.0584,0.2913,0.4155,1.5882,1.2,0.7647,0.5455,0.6154,0.5385
testImages/Apple3.jpg:apple,56107.418,1339792.5,47367668,42180592,106384096,241666160,193186448,315495200,369630656,413042528,0.9529,0.3736,0.4655,0.366,0.5178,0.3792,0.3549,0.6314,0.3954,0.677,0.9661,0.6219,1.2743,0.1792,0.5812,2.134,0.7367,1.4189,0.9444,0.4277
testImages/Apple4.jfif:apple,5623.4639,31949.3633,378497.9375,65618724,54499584,20254242,32603052,122597112,281680064,0,163.9547,0.535,0.7945,2,1.5,1.5,0.9167,3,inf,0,3,1.349,18.4167,6,8,2,0.3333,2,nan,0
testImages/Apple5.png:apple,6467.0146,13750.3506,479062.5312,0,0,0,0,0,0,0,0.6649,0.8038,0.7242,0,0,0,0,0,0,0,1,0.9367,0.3574,0,0,0,0,0,0,0
testImages/Apple7.webp:apple,9134.6152,17420.9609,2165258.25,14468178,1139532288,0,0,0,0,0,0.6215,0.8397,0.6922,0.8163,inf,0,0,0,0,0,0.9283,0.8615,0.4887,6.125,nan,0,0,0,0,0
testImages/Apple8.webp:apple,6532.3237,47488.0352,4245836,14587929,890591360,0,0,0,0,0,0.8702,0.4127,0.6146,0.5051,inf,0,0,0,0,0,0.9283,1.2317,0.1634,5.9744,nan,0,0,0,0,0
testImages/Apple10.webp:apple,7244.0581,29818.5684,13211610,10607289,21192516,48973732,197065472,313864256,273926944,807286720,0.7835,0.5034,0.6018,0.7015,0.7593,0.963,2,inf,inf,inf,0.9283,1.1531,0.2348,1.0308,0.6667,3,3,0,0,nan
testImages/Apple6.jpg:apple,51996.8594,355501.75,26807284,23315032,2993752832,13889773568,0,0,0,0,0.7872,0.7134,0.6934,0.3838,0.974,inf,0,0,0,0,0.7998,1.1254,0.5084,0.6427,3.1429,0,0,0,0,0
testImages/Apple9.jpg:apple,25957.166,65608.7344,700580.375,1698995.125,0,0,0,0,0,0,0.6625,0.7887,0.57,0.5642,0,0,0,0,0,0,1,0.8881,0.4299,4.0801,0,0,0,0,0,0
testImages/Chair/Chair1.webp:chair,35751.9453,211306.6094,14757099,27491738,35342784,36903548,245969072,10602421248,8706709504,0,0.8539,0.6229,0.7238,0.7342,0.5313,0.9555,0.5476,3,inf,0,1,0.8124,44.6,34.9908,0.0206,26.3583,3.0952,0.5,0,0
testImages/Chair/Chair10.jfif:chair,3969.3486,89961.5,3969.3486,89961.5,235535.9688,287395392,258507024,187052464,190215872,0,0.9017,0.7597,0.9017,0.7597,0.0925,inf,inf,inf,inf,0,0.8436,0.7946,0.8436,0.7946,0.8794,nan,nan,0,0,0
testImages/Chair/Chair2.jpg:chair,117948.3906,117948.3906,334284.8438,334284.8438,117948.3906,334284.8438,17927118848,31915046912,7614769152,1090233600,0.7412,0.7412,0.6719,0.6719,0.7412,0.6719,inf,inf,1,0.7054,1,1,0.9367,0.9367,1,0.9367,0,0,3.0833,4.0455
testImages/Chair/Chair3.jpg:chair,199476.1719,199476.1719,199476.1719,11653405,11653405,11653405,199476.1719,466699680,11653405,1.08E+12,0.9397,0.9397,0.9397,0.2885,0.2885,0.2885,0.9397,0.7434,0.2885,inf,1.9273,1.9273,1.9273,0.5756,0.5756,0.5756,1.9273,32.0315,0.5756,0
testImages/Chair/Chair4.jpg:chair,81270.6641,81270.6641,81270.6641,0,0,0,0,0,0,0,0.8397,0.8397,0.8397,0,0,0,0,0,0,0,1,1,1,0,0,0,0,0,0,0
testImages/Chair/Chair5.jfif:chair,3073.0532,3073.0532,3073.0532,3073.0532,366783.625,366783.625,366783.625,366783.625,3073.0532,3073.0532,0.9706,0.9706,0.9706,0.9706,0.7519,0.7519,0.7519,0.7519,0.9706,0.9706,0.7004,0.7004,0.7004,0.7004,0.6607,0.6607,0.6607,0.6607,0.7004,0.7004
testImages/Chair/Chair6.jpg:chair,85106.375,85106.375,85106.375,85106.375,85106.375,913165.125,913165.125,913165.125,913165.125,913165.125,0.9041,0.9041,0.9041,0.9041,0.9041,0.2351,0.2351,0.2351,0.2351,0.2351,0.7998,0.7998,0.7998,0.7998,0.7998,0.5072,0.5072,0.5072,0.5072,0.5072
testImages/Chair/CHair7.jfif:chair,3475.1111,3475.1111,3475.1111,3475.1111,3475.1111,620565376,620565376,620565376,620565376,620565376,0.8242,0.8242,0.8242,0.8242,0.8242,inf,inf,inf,inf,inf,0.6558,0.6558,0.6558,0.6558,0.6558,0,0,0,0,0
testImages/Chair/Chair8.jpg:chair,595879.3125,595879.3125,595879.3125,595879.3125,595879.3125,4980170.5,595879.3125,4.61E+11,4.61E+11,4.61E+11,0.8742,0.8742,0.8742,0.8742,0.8742,0.8457,0.8742,0.68,0.68,0.68,1,1,1,1,1,1.1206,1,1.25,1.25,1.25
testImages/Chair/Chair9.jpg:chair,200359.6875,200359.6875,200359.6875,200359.6875,200359.6875,200359.6875,2.94E+11,200359.6875,8818818,8818818,0.9335,0.9335,0.9335,0.9335,0.9335,0.9335,inf,0.9335,0.2054,0.2054,1.9273,1.9273,1.9273,1.9273,1.9273,1.9273,0,1.9273,0.7086,0.7086
testImages/Glove/Glove1.jfif:glove,6190.7637,13251.2109,0,0,0,0,0,0,0,0,0.6877,0.6446,0,0,0,0,0,0,0,0,1,0.5373,0,0,0,0,0,0,0,0
testImages/Glove/Glove10.jfif:glove,5311.0425,5311.0425,21599.9551,21599.9551,543894,6310348.5,57297588,0,0,0,0.8018,0.8018,0.4862,0.4862,0.643,0.7,2.5,0,0,0,1,1,0.544,0.544,0.1946,4.4,0.5,0,0,0
testImages/Glove/Glove2.jfif:glove,4905.1494,4905.1494,4905.1494,35637.2773,35637.2773,35637.2773,575990.5625,29023898,577632.5,101262232,0.8697,0.8697,0.8697,0.3462,0.3462,0.3462,0.6461,1,0.5337,4,1,1,1,0.527,0.527,0.527,0.1903,0.4,0.1226,1
testImages/Glove/Glove3.jfif:glove,5028.5493,5028.5493,5028.5493,5028.5493,178689584,178689584,27353.6934,178689584,6471892.5,529505536,0.8477,0.8477,0.8477,0.8477,4,4,0.3728,4,0.8412,inf,1,1,1,1,1,1,1.5389,1,0.4412,nan
testImages/Glove/Glove4.jpg:glove,259344.0938,2333443.5,2370809,0,0,0,0,0,0,0,0.7224,0.6727,0.6705,0,0,0,0,0,0,0,0.7141,1.7494,0.5552,0,0,0,0,0,0,0
testImages/Glove/Glove5.webp:glove,41901.9102,928179776,106076.4844,41901.9102,106076.4844,41901.9102,41901.9102,41901.9102,41901.9102,106076.4844,0.7189,1.3333,0.546,0.7189,0.546,0.7189,0.7189,0.7189,0.7189,0.546,1,1.3333,1.7776,1,1.7776,1,1,1,1,1.7776
testImages/Glove/Glove6.jpeg:glove,93829.6094,93829.6094,7308925440,12390645,93829.6094,12390645,93829.6094,93829.6094,3230032.5,93829.6094,0.9328,0.9328,1.1667,0.526,0.9328,0.526,0.9328,0.9328,0.3247,0.9328,1,1,1.3333,0.1414,1,0.1414,1,1,0.1616,1
testImages/Glove/Glove9.jfif:glove,6190.7637,6190.7637,0,0,0,0,0,0,0,0,0.6877,0.6877,0,0,0,0,0,0,0,0,1,1,0,0,0,0,0,0,0,0
testImages/Mug/Mug1.png:mug,6737.0835,11917.0498,0,0,0,0,0,0,0,0,0.6439,0.6894,0,0,0,0,0,0,0,0,1,0.9006,0,0,0,0,0,0,0,0
testImages/Mug/Mug10.jfif:mug,10652.1807,10652.1807,11293.3076,1865669.125,1865669.125,3069461.75,33953480,41698180,0,0,0.5099,0.5099,0.869,0.7615,0.7615,0.7937,0.7212,0.7331,0,0,1,1,0.8487,0.1319,0.1319,0.1429,12,0.1842,0,0
testImages/Mug/Mug2.jfif:mug,5034.4062,5034.4062,5034.4062,265393104,26773.0352,0,0,0,0,0,0.8455,0.8455,0.8455,inf,0.7556,0,0,0,0,0,1,1,1,nan,1.4023,0,0,0,0,0
testImages/Mug/Mug3.png:mug,132797.8906,2314195.5,2216027.25,0,0,0,0,0,0,0,0.8504,0.8335,129.4062,0,0,0,0,0,0,0,1,1.8866,34,0,0,0,0,0,0,0
testImages/Mug/Mug4.webp:mug,34013.5078,34013.5078,4566504448,272941.2812,272941.2812,272941.2812,272941.2812,272941.2812,98147040,34013.5078,0.8856,0.8856,4,361.7818,361.7818,361.7818,361.7818,361.7818,0.5157,0.8856,1,1,1,0.2273,0.2273,0.2273,0.2273,0.2273,0.2308,1
testImages/Mug/Mug5.webp:mug,208565.9219,158238.3906,208565.9219,208565.9219,197790784,158238.3906,158238.3906,158238.3906,158238.3906,158238.3906,0.6395,0.5589,0.6395,0.6395,0.8254,0.5589,0.5589,0.5589,0.5589,0.5589,1.1257,0.8332,1.1257,1.1257,0.875,0.8332,0.8332,0.8332,0.8332,0.8332
testImages/Mug/Mug6.jfif:mug,49626.2109,4639.0962,49626.2109,49626.2109,1180062.25,4639.0962,4639.0962,4639.0962,4639.0962,4639.0962,0.9602,0.9175,0.9602,0.9602,0.9573,0.9175,0.9175,0.9175,0.9175,0.9175,1.386,1,1.386,1.386,26,1,1,1,1,1
testImages/Mug/Mug7.jfif:mug,493185.9375,5661.7446,493185.9375,493185.9375,21218.4785,5661.7446,5661.7446,5661.7446,5661.7446,5661.7446,0.7473,0.7641,0.7473,0.7473,0.3118,0.7641,0.7641,0.7641,0.7641,0.7641,0.0984,1,0.0984,0.0984,1.0074,1,1,1,1,1
testImages/Mug/Mug8.jfif:mug,386102.4062,4783.1133,386102.4062,386102.4062,51308.4023,4783.1133,0,0,0,0,0.8326,0.8926,0.8326,0.8326,0.6249,0.8926,0,0,0,0,0.1169,1,0.1169,0.1169,1.3257,1,0,0,0,0
testImages/Mug/Mug9.jfif:mug,15284.2266,5894.1182,15284.2266,0,0,0,0,0,0,0,0.769,0.7245,0.769,0,0,0,0,0,0,0,1.1364,1,1.1364,0,0,0,0,0,0,0
testImages/Shoe/Shoe1.jfif:shoe,3725.5918,13195.0771,0,0,0,0,0,0,0,0,0.7652,0.6018,0,0,0,0,0,0,0,0,1.5055,0.3699,0,0,0,0,0,0,0,0
testImages/Shoe/Shoe10.jpg:shoe,3246.3936,3246.3936,23873.2656,23873.2656,19627578,45142696,0,0,0,0,0.7962,0.7962,0.6351,0.6351,3,1.8056,0,0,0,0,0.6641,0.6641,0.475,0.475,0.5,0.1111,0,0,0,0
testImages/Shoe/Shoe2.jfif:shoe,4484.0762,4484.0762,4484.0762,216107.5312,216107.5312,216107.5312,269563.2812,657463.75,805527.875,5059471.5,0.9493,0.9493,0.9493,0.4711,0.4711,0.4711,0.4302,0.6211,0.4317,0.7091,1,1,1,4.2458,4.2458,4.2458,3.7828,0.1867,0.3964,3.4375
testImages/Shoe/Shoe4.webp:shoe,20741.8535,20741.8535,20741.8535,20741.8535,1021482.125,1021482.125,1021482.125,1021482.125,394111104,32628613120,0.9143,0.9143,0.9143,0.9143,0.5135,0.5135,0.5135,0.5135,0.3403,inf,1.5347,1.5347,1.5347,1.5347,2.6932,2.6932,2.6932,2.6932,1.7299,nan
testImages/Shoe/Shoe5.webp:shoe,194796.7812,713677,194796.7812,194796.7812,194796.7812,12209649,194796.7812,34892443648,34892443648,34892443648,0.7633,0.5097,0.7633,0.7633,0.7633,0.7474,0.7633,1,1,1,1.5008,2.5601,1.5008,1.5008,1.5008,12.0637,1.5008,0.4286,0.4286,0.4286
testImages/Shoe/Shoe6.jfif:shoe,4550.3418,143335024,4550.3418,4550.3418,4550.3418,4550.3418,224962736,4550.3418,62803.375,62803.375,0.9359,inf,0.9359,0.9359,0.9359,0.9359,inf,0.9359,0.4118,0.4118,1,0,1,1,1,1,nan,1,0.5166,0.5166
testImages/Shoe/Shoe7.png:shoe,9491.9785,176127.7969,9491.9785,9491.9785,9491.9785,9491.9785,9491.9785,72531696,9491.9785,172256256,0.9055,0.4297,0.9055,0.9055,0.9055,0.9055,0.9055,0.757,0.9055,1,0.7995,0.3836,0.7995,0.7995,0.7995,0.7995,0.7995,0.4286,0.7995,0.5
testImages/Shoe/Shoe8.jpeg:shoe,35343.9492,4091289088,35343.9492,35343.9492,35343.9492,35343.9492,234737.5312,35343.9492,35343.9492,1482853504,0.7967,1.6,0.7967,0.7967,0.7967,0.7967,0.3036,0.7967,0.7967,0.8,1,2.5,1,1,1,1,0.4317,1,1,1.25
testImages/Shoe/Shoe9.webp:shoe,20693.0508,51990516,20693.0508,20693.0508,20693.0508,20693.0508,20693.0508,22685720576,20693.0508,20693.0508,0.921,0.5925,0.921,0.921,0.921,0.921,0.921,inf,0.921,0.921,1.5347,0.7692,1.5347,1.5347,1.5347,1.5347,1.5347,nan,1.5347,1.5347
testImages/Umbrella/Umbrella1.webp:umbrella,98550.6328,672447.75,33099090,1226785280,15029260288,0,0,0,0,0,0.847,0.6785,0.4192,1.4167,2,0,0,0,0,0,1,0.2592,0.0606,0.1875,3,0,0,0,0,0
testImages/Umbrella/Umbrella5.jfif:umbrella,4801.0186,38385.5312,0,0,0,0,0,0,0,0,0.8868,0.5782,0,0,0,0,0,0,0,0,1,3.3099,0,0,0,0,0,0,0,0
testImages/Umbrella/Umbrella10.jfif:umbrella,4695.9194,52494.0469,0,0,0,0,0,0,0,0,0.909,0.6825,0,0,0,0,0,0,0,0,1,2.2994,0,0,0,0,0,0,0,0
testImages/Umbrella/Umbrella9.webp:umbrella,32485.7773,1968859.25,2786392.75,615004992,1873510528,4771808256,8357181440,4182266880,4563289088,3899652352,0.9645,0.5838,0.5813,0.9358,2,2,3,3,3,inf,1,0.3818,0.4153,1.9412,0.1429,0.5,0.5,2,0.5,0
testImages/Umbrella/Umbrella2.jfif:umbrella,30618.5156,59656.0625,14608912,36709880,88430224,115690712,160167440,214847488,315108384,2216157696,0.6508,0.6446,0.3273,0.3795,0.6898,0.749,0.7937,1.1,inf,inf,1,0.4227,6.4948,2.9409,0.3091,0.068,0.488,40,0,0
testImages/Umbrella/Umbrella3.jfif:umbrella,5248.8496,11646.3252,9975577,0,0,0,0,0,0,0,0.6437,0.6438,0.7273,0,0,0,0,0,0,0,1.3594,3.2441,0.5455,0,0,0,0,0,0,0
testImages/Umbrella/Umbrella4.jfif:umbrella,5251.4526,35091.2812,89628.0938,23923068,41457704,75719024,78629112,253271152,222095600,434073952,0.811,0.3555,0.4957,2.5,1.75,inf,inf,inf,inf,inf,1,2.0413,1.2256,0.25,1,0,0,nan,nan,nan
testImages/Umbrella/Umbrella6.jfif:umbrella,3005.6021,40057.9727,263725.625,609101.8125,1200126.25,11507517,122144944,222863264,0,0,0.79,0.7114,0.532,0.4125,0.4941,0.627,inf,inf,0,0,1.7904,0.9554,1.5871,1.4815,1.6332,0.2623,nan,nan,0,0
testImages/Umbrella/Umbrella7.jfif:umbrella,4986.8628,35044.8594,0,0,0,0,0,0,0,0,0.8553,0.6357,0,0,0,0,0,0,0,0,1,4.0883,0,0,0,0,0,0,0,0
testImages/Umbrella/Umbrella8.jpg:umbrella,15173.4834,146507.3125,3766373120,0,0,0,0,0,0,0,0.8831,0.4655,inf,0,0,0,0,0,0,0,1.9271,0.244,0,0,0,0,0,0,0,0
testImages/Shoe/Shoe3.jfif:shoe,3967.2529,19141.7207,2379515.5,16012452,30057580,26570210,33486252,84817816,127271632,168123616,0.8057,0.5522,0.6541,0.9375,1.375,3,1.6667,inf,inf,inf,1.3368,0.4293,2.2485,1,2,2,0.3,0,0,nan
testImages/Hammer/Hammer1.jfif:hammer,4267.9814,1180107,1517468.25,29646552,19863484,31865970,31722376,25304108,28423626,69771264,0.9973,0.6259,0.5595,0.75,1.1429,1.7778,1.0714,0.9259,1.8,2.6667,1,0.8042,1.7742,2.6667,0.2857,1,0.2857,0.5,0.2,0.3333
testImages/Hammer/Hammer10.jpg:hammer,122422.7344,1637670656,614454912,1202108544,1830436352,1861355648,1710697728,1343806976,3848592640,4286940928,0.9976,0.5794,0.6153,0.2172,0.3356,0.5324,0.4851,0.3527,0.539,0.3808,1.2399,0.1345,0.8837,0.4313,0.4146,1.5856,0.1891,1.4772,1.5714,0.605
testImages/Hammer/Hammer2.jpg:hammer,40423.3438,261173.5625,0,0,0,0,0,0,0,0,0.8633,0.2899,0,0,0,0,0,0,0,0,1.5023,0.3546,0,0,0,0,0,0,0,0
testImages/Hammer/Hammer3.webp:hammer,69702.7109,3291108.75,76679416,110488504,697536960,823881920,631110912,4075474688,6827099648,6286939648,0.9697,0.4104,0.451,0.2416,0.633,0.5568,0.1982,0.6957,0.6353,0.6389,1.5006,0.1786,0.5588,0.4052,0.159,10.0606,0.0503,1.4316,6.4615,3
testImages/Hammer/Hammer4.png:hammer,4709.8477,38337.5078,0,0,0,0,0,0,0,0,0.8978,0.2069,0,0,0,0,0,0,0,0,0.9736,2.6364,0,0,0,0,0,0,0,0
testImages/Hammer/Hammer5.webp:hammer,371584.125,3138048.75,98865987584,52485312512,1.03E+11,3.21E+11,2.24E+11,4.28E+11,4.80E+11,5.05E+11,0.8947,0.2773,0.5833,0.5909,0.85,0.875,1.1667,inf,inf,4,1,0.353,0.75,0.5176,1.25,1,0.2069,0,0,1
testImages/Hammer/Hammer6.jpg:hammer,111373.8672,1049069184,553835264,2411133184,2218883840,1395068288,1660542720,3442601984,10088556544,3041532928,0.9988,0.446,0.4831,0.6171,0.3429,0.6357,0.4588,0.508,0.6036,0.8214,0.7217,3.8017,0.1875,0.5125,1.6716,0.4014,4.5056,0.656,1.4672,0.5833
testImages/Hammer/Hammer7.jpg:hammer,42869.2188,4106053,4777737.5,6298849,64323564,187495472,120648848,404665184,450291200,266903232,0.9449,0.2468,0.1917,0.5162,0.6996,0.6559,0.4981,0.5229,0.7279,0.5351,1.2886,0.9416,6.1004,15.1139,2.1796,10.0769,0.9167,0.6034,2.0556,10.5467
testImages/Hammer/Hammer8.jfif:hammer,3722.4128,389965.1875,24583490,37296932,79394280,46556768,217853088,0,0,0,0.9962,0.4342,1.0028,1.2727,3,inf,inf,0,0,0,1.1435,10.7847,3,2.2,0.5,0,0,0,0,0
testImages/Hammer/Hammer9.webp:hammer,7504.2529,58449196,51150136,1012779904,1069025664,1243929088,0,0,0,0,1.0061,0.875,1.3333,inf,inf,inf,0,0,0,0,1,0.5,1.6667,0,0,nan,0,0,0,0
testImages/Glove/Glove7.jfif:glove,6394.0435,12479.6729,0,0,0,0,0,0,0,0,0.6679,0.5497,0,0,0,0,0,0,0,0,1,1.4651,0,0,0,0,0,0,0,0
testImages/Glove/Glove8.jfif:glove,4849.2119,36405.9531,539391.6875,859536.8125,26208360,118098368,184670032,213594816,240328912,240328368,0.8783,0.3695,0.7768,0.6625,2.25,4,inf,inf,inf,inf,1,0.7378,4.5029,4,1,1,0,nan,nan,nan
testImages/Remote/RemoteControl2.jfif:remoteControl,5181.6831,43056.6484,46557.8828,5201024.5,62691632,348883456,0,0,0,0,0.8185,0.8263,0.6473,0.8036,4,inf,0,0,0,0,0.9955,2.2329,2.5572,0.875,1,nan,0,0,0,0
testImages/Scissor/Scissor3.jpg:scissors,20517.4785,337272.7812,36288968,233353056,544679808,3807871232,1732256256,2178271232,3512362496,3531037184,9587.167,0.1736,0.3683,0.7778,1.2333,1.3222,2.8571,inf,inf,inf,1.2,2.2765,0.3788,0.4,0.1091,3.6,0.1429,0,0,0
testImages/Scissor/Scissor5.jpg:scissors,21812.4766,234868.5312,6606157.5,10589798,76104496,75391080,1878487040,992584000,994011648,1189427840,79.3652,0.2436,0.7397,0.439,0.4531,0.8016,0.575,inf,inf,inf,0.6438,2.6686,3.8333,0.2929,3.5159,0.122,1.6,0,0,0
testImages/Scissor/Scissor9.jpg:scissors,21469.5859,312113.5312,13268346,17636770,237635024,7840562688,5291985408,0,0,0,86.8641,0.2873,0.6101,0.3787,0.7033,inf,inf,0,0,0,1.7099,2.9795,5.25,2.7,0.9286,0,0,0,0,0
testImages/Comb/Comb1.jpg:comb,23598.5566,125380.8125,18124652,97671528,4252286720,4734234112,5116727808,4846033920,4872062976,5057976832,0.8319,0.7308,0.4984,0.7135,inf,inf,inf,inf,inf,inf,0.7496,0.1746,1.6093,38,0,0,0,0,0,0
testImages/Comb/Comb10.jpg:comb,23510.2461,134101.125,2870324.75,217739152,664606720,1496806144,4908597248,13813209088,18747320320,18873663488,20979.25,0.7613,0.569,0.6169,0.5769,0.9444,inf,inf,inf,inf,0.75,6.0268,0.5031,3.3898,3.0769,2.5,0,nan,nan,nan
testImages/Comb/Comb2.jpg:comb,23768.3867,155384.5938,5840212.5,4770418176,5148148224,15586976768,13618001920,10418364416,19128000512,22506409984,15690.9375,0.8399,0.4725,3,1.6667,inf,inf,inf,inf,inf,1,5.8815,0.9397,0.5,3,0,0,0,nan,nan
testImages/Comb/Comb3.jpg:comb,23692.2793,106508.2188,31551170,447581632,6650078720,8842933248,5321506304,9756461056,6055898112,6028913664,15587,0.8325,0.3274,0.7692,inf,inf,inf,inf,inf,inf,1,5.8902,4.32,1.4444,0,0,0,0,nan,nan
testImages/Comb/Comb4.jpg:comb,24496.5215,279498.5625,954413.8125,12349179,6156831744,24496.5215,24496.5215,24496.5215,24496.5215,24496.5215,0.8432,0.7321,0.2868,0.5521,inf,0.8432,0.8432,0.8432,0.8432,0.8432,0.7089,0.3615,5.3697,0.0349,0,0.7089,0.7089,0.7089,0.7089,0.7089
testImages/Comb/Comb5.jpg:comb,25983.9102,585503.8125,385249.8125,5136146.5,72307920,192885696,424184896,253306976,391277856,356079296,9473.96,0.4261,0.6033,0.6517,0.6858,0.5191,0.4852,0.4384,0.7794,0.8498,1,0.1925,0.2549,0.0429,2.1622,2.5085,2.1823,5.4808,11.4412,9.68
testImages/Comb/Comb6.jpg:comb,24164.6992,253548.7344,815944.625,103928104,448025536,480339744,752620480,1896520448,537849728,829926016,5290.0415,0.6128,0.2959,0.9668,0.7617,0.9633,0.881,1.25,0.7023,0.9375,0.75,0.1732,4.9535,0.3543,19.2603,18.4737,8.5714,1,0.4615,4
testImages/Comb/Comb7.jpg:comb,25796.9668,181194.8594,689064.75,69733376,1058581760,434833920,431799936,2486552064,1127526912,3024484608,6672.9443,0.7982,0.394,0.427,0.7636,0.451,0.8095,1.3333,0.901,1.4,1,5.9407,0.18,0.5283,0.4545,0.4667,0.3889,3,3.1429,2.5
testImages/Comb/Comb8.jpg:comb,23333.1152,146994.0625,434740896,585160704,1775641856,1158625024,2588386048,3873568768,1825011712,7841433088,16071.6875,0.6516,1.5135,0.4306,0.8056,0.6697,2.3333,2.3333,inf,inf,1,0.1991,37,4,0.4444,3.3,3,3,0,0
testImages/Comb/Comb9.jpg:comb,22974.377,193773.875,4683188,46382820,330847008,525270016,1294587136,5900863488,4117752576,16931917824,3232.2375,0.8321,0.4892,0.4189,0.4284,1,2,2.5,inf,inf,0.8,6.4383,4.32,1.6757,0.55,0.6,1,2,0,nan
testImages/Fork/Fork1.jfif:fork,4257.7104,619238.375,2498425.25,4257.7104,4257.7104,4257.7104,0,0,0,0,0.9997,0.5015,0.8676,0.9997,0.9997,0.9997,0,0,0,0,1,10.75,2.125,1,1,1,0,0,0,0
testImages/Fork/Fork10.jpg:fork,10375.2988,704971.6875,11406939,19166564,325146016,625347968,2639800064,10375.2988,10375.2988,10375.2988,0.9896,0.6059,0.4868,0.8628,2.5,inf,inf,0.9896,0.9896,0.9896,1,11.4375,6.3333,12.303,2,0,nan,1,1,1
testImages/Fork/Fork2.jfif:fork,4420.6055,180410.5312,192662.8281,60751556,107234952,111344024,440815488,440810880,461617824,475995968,0.963,0.7143,0.3243,2,inf,inf,inf,inf,inf,inf,1,0.0872,0.3918,0.25,0,0,nan,nan,nan,nan
testImages/Fork/Fork3.jfif:fork,4296.4766,616496.0625,739065.25,5820864,6390750.5,21512466,31638412,35642868,75719144,71646008,0.9907,0.581,0.9038,0.5714,0.8412,1.25,1.1667,1.5,inf,3,1,1.4078,7.6857,0.5833,13.3889,2,0.6667,2,0,0.5
testImages/Fork/Fork4.jfif:fork,4251.668,588491.625,25315328,31696370,4251.668,4251.668,4251.668,4251.668,0,0,1.0011,0.3415,0.5714,1.2278,1.0011,1.0011,1.0011,1.0011,0,0,1,0.3974,0.875,2.2222,1,1,1,1,0,0
testImages/Fork/Fork5.jfif:fork,4330.3662,792705.3125,1160477.75,1116229.75,1746021.75,1607481.375,1242335.125,4330.3662,4330.3662,4330.3662,0.983,0.551,0.4205,0.4437,0.5437,0.6407,0.607,0.983,0.983,0.983,1,10,9.625,8.875,0.8,0.8333,0.7895,1,1,1
testImages/Fork/Fork6.png:fork,5075.7573,25002.2637,5075.7573,5075.7573,0,0,0,0,0,0,0.8387,0.4385,0.8387,0.8387,0,0,0,0,0,0,1,0.267,1,1,0,0,0,0,0,0
testImages/Fork/Fork7.png:fork,2094.9365,34916.7344,1210840320,2094.9365,2094.9365,2094.9365,0,0,0,0,0.9524,0.3014,inf,0.9524,0.9524,0.9524,0,0,0,0,0.4679,7.7429,nan,0.4679,0.4679,0.4679,0,0,0,0
testImages/Fork/Fork8.jfif:fork,4223.9097,16185271,19967846,26967472,60388028,26777642,52428260,71611016,105359512,4223.9097,1.0077,0.4734,1.8333,2.6667,1,2.6667,2,inf,inf,1.0077,1,2,0.1667,0.3333,2,0.3333,3,0,0,1
testImages/Fork/Fork9.jpg:fork,7720.6157,263364.6875,115134208,7720.6157,7720.6157,7720.6157,0,0,0,0,0.9779,0.3608,1.4444,0.9779,0.9779,0.9779,0,0,0,0,1,5.8586,6,1,1,1,0,0,0,0
testImages/Pen/Pen1.jfif:pen,2805.3088,4277632,4352282.5,6016177,11112433,8402173,9679957,12232776,27370494,69108000,1.0039,0.5788,0.5219,0.9286,0.8723,1.05,0.8796,1.1667,2.6667,1.4545,1.5055,0.34,0.3603,0.8571,0.8065,0.8,0.3333,0.75,3,0.4545
testImages/Pen/Pen10.jpeg:pen,5924.459,5918035,11582081,25452154,29122162,28843852,71510744,41864488,58550360,85987728,1.0015,0.7719,0.9312,0.7754,0.7386,0.845,0.599,0.8519,0.8718,0.9028,1.5019,0.1404,0.2593,0.2193,0.5455,0.6667,2.3462,0.6667,0.2308,0.375
testImages/Pen/Pen2.png:pen,2765.2219,4204015.5,8046008.5,8632461,10413734,20841848,2765.2219,2765.2219,2765.2219,2765.2219,1.0073,inf,1.5833,1.7,1.5,2,1.0073,1.0073,1.0073,1.0073,1.5193,0,0.75,2.5,2.5,4,1.5193,1.5193,1.5193,1.5193
testImages/Pen/Pen3.jfif:pen,4233.5459,1715610.625,38802080,56634548,73622008,72879040,72557480,120179832,117952488,114102744,1.0054,0.7304,1.619,inf,inf,inf,inf,inf,inf,inf,1,7.0577,7,0,0,0,0,0,0,0
testImages/Pen/Pen4.jfif:pen,2952.5725,70869.0547,26967216,2952.5725,2952.5725,2952.5725,0,0,0,0,0.9555,0.6425,1.4286,0.9555,0.9555,0.9555,0,0,0,0,1.5055,0.061,0.5714,1.5055,1.5055,1.5055,0,0,0,0
testImages/Pen/Pen5.png:pen,4308.8188,141465.4219,4308.8188,4308.8188,0,0,0,0,0,0,0.9791,0.9699,0.9791,0.9791,0,0,0,0,0,0,1,15.3,1,1,0,0,0,0,0,0
testImages/Pen/Pen6.jfif:pen,3454.2966,135016.1875,484299.625,1079406.25,3454.2966,3454.2966,3454.2966,3454.2966,0,0,0.9645,0.9309,0.8641,0.8872,0.9645,0.9645,0.9645,0.9645,0,0,1.2727,4.52,1.6367,1.5703,1.2727,1.2727,1.2727,1.2727,0,0
testImages/Pen/Pen7.png:pen,4207.5,1060386.875,1873469.375,275645664,209886848,4207.5,4207.5,4207.5,4207.5,4207.5,1.0027,0.8531,1.0616,inf,inf,1.0027,1.0027,1.0027,1.0027,1.0027,1,0.0856,0.1801,0,nan,1,1,1,1,1
testImages/Pen/Pen8.png:pen,4284.2129,250662.9062,589382.875,18840506,4284.2129,4284.2129,4284.2129,4284.2129,0,0,0.9848,0.9789,1.141,2.4,0.9848,0.9848,0.9848,0.9848,0,0,1,0.0947,0.2051,0.2,1,1,1,1,0,0
testImages/Pen/Pen9.jfif:pen,3224.8235,109224.5547,308680.0312,651216.5,1937934.5,11954928,27622106,39775752,38619800,224999904,0.9237,0.8073,0.8423,0.2642,0.67,1.0286,1.75,2,4,inf,1.4409,1,5.564,5.4677,9.2429,1.4,1,5,1,0
testImages/Shirt/Shirt1.jfif:shirt,5459.5786,8815.5049,5459.5786,5459.5786,0,0,0,0,0,0,0.6228,0.6716,0.6228,0.6228,0,0,0,0,0,0,0.8,0.8428,0.8,0.8,0,0,0,0,0,0
testImages/Shirt/Shirt10.jfif:shirt,4869.9922,15979.7578,15979.7578,15979.7578,0,0,0,0,0,0,0.8211,0.2522,0.2522,0.2522,0,0,0,0,0,0,1.1861,0.8589,0.8589,0.8589,0,0,0,0,0,0
testImages/Shirt/Shirt2.jfif:shirt,4198.9541,8321.5967,4198.9541,4198.9541,0,0,0,0,0,0,0.6707,0.6765,0.6707,0.6707,0,0,0,0,0,0,0.6642,0.9024,0.6642,0.6642,0,0,0,0,0,0
testImages/Shirt/Shirt3.jfif:shirt,3731.4214,54900.8125,121571.6484,126447.4141,3731.4214,3731.4214,3731.4214,3731.4214,0,0,0.5631,0.7005,0.716,0.7409,0.5631,0.5631,0.5631,0.5631,0,0,2.0191,1.3297,1.4235,1.5443,2.0191,2.0191,2.0191,2.0191,0,0
testImages/Shirt/Shirt4.jfif:shirt,5368.04,6682.0859,5368.04,5368.04,0,0,0,0,0,0,0.5596,0.8445,0.5596,0.5596,0,0,0,0,0,0,1.4096,1.4338,1.4096,1.4096,0,0,0,0,0,0
testImages/Shirt/Shirt5.jfif:shirt,3872.6428,9086.6709,9086.6709,9086.6709,0,0,0,0,0,0,0.743,0.3039,0.3039,0.3039,0,0,0,0,0,0,1.5896,0.6393,0.6393,0.6393,0,0,0,0,0,0
testImages/Shirt/Shirt6.jfif:shirt,7872.0449,9473.3311,12867715,9473.3311,9473.3311,9473.3311,0,0,0,0,0.6641,9681.5,1.5833,9681.5,9681.5,9681.5,0,0,0,0,0.8745,0.5,0.75,0.5,0.5,0.5,0,0,0,0
testImages/Shirt/Shirt7.jfif:shirt,5712.5591,13868.6309,5712.5591,5712.5591,0,0,0,0,0,0,0.6664,0.715,0.6664,0.6664,0,0,0,0,0,0,0.8903,0.9216,0.8903,0.8903,0,0,0,0,0,0
testImages/Shirt/Shirt8.jfif:shirt,5501.3374,42193.3125,44598.2812,5501.3374,5501.3374,5501.3374,0,0,0,0,0.4718,0.724,0.7392,0.4718,0.4718,0.4718,0,0,0,0,1.6437,1.2439,1.319,1.6437,1.6437,1.6437,0,0,0,0
testImages/Shirt/Shirt9.png:shirt,104808.1484,109416.4062,104808.1484,104808.1484,0,0,0,0,0,0,0.5134,0.5726,0.5134,0.5134,0,0,0,0,0,0,1,1.0288,1,1,0,0,0,0,0,0
testImages/Cross/Cross1.jfif:cross,3497.3186,163755.9375,175326.3906,50748580,3497.3186,3497.3186,3497.3186,3497.3186,0,0,0.9523,0.4006,0.3839,2.25,0.9523,0.9523,0.9523,0.9523,0,0,0.7826,2.5,2.5,1,0.7826,0.7826,0.7826,0.7826,0,0
testImages/Cross/Cross10.jpg:cross,10716.0049,139473.4531,2965757,3073223.25,3418679.25,3466357.75,3457385.5,5176609.5,5176609.5,6386716.5,0.9039,0.3523,0.9974,0.9813,0.9917,0.9815,1.0163,1.3498,1.3498,1.3537,0.876,1.656,0.0452,22.1545,19,0.054,0.0457,27,27,0.0612
testImages/Cross/Cross2.png:cross,2936.3054,7522.3105,1637793.625,2034879,8437137,8142188,2936.3054,2936.3054,2936.3054,2936.3054,inf,0.3004,0.7747,0.95,2.1,2,inf,inf,inf,inf,nan,1.625,0.1205,0.15,0.05,0.6667,nan,nan,nan,nan
testImages/Cross/Cross3.jfif:cross,4375.2329,40869.582,2303067,2395278.5,8219318,91744072,4375.2329,4375.2329,4375.2329,4375.2329,0.8966,0.3845,1,0.8675,1.0521,2.25,0.8966,0.8966,0.8966,0.8966,0.9267,0.4892,0.1778,0.16,0.375,1,0.9267,0.9267,0.9267,0.9267
testImages/Cross/Cross4.jfif:cross,5115.3374,70232.4688,105434.5547,296357.6875,5115.3374,5115.3374,5115.3374,5115.3374,0,0,0.8344,0.4389,0.4588,0.4796,0.8344,0.8344,0.8344,0.8344,0,0,1,0.9651,0.9769,1.0206,1,1,1,1,0,0
testImages/Cross/Cross6.webp:cross,36855.8086,162909.2188,36855.8086,36855.8086,0,0,0,0,0,0,0.8185,0.3175,0.8185,0.8185,0,0,0,0,0,0,1,0.7069,1,1,0,0,0,0,0,0
testImages/Cross/Cross7.jfif:cross,4151.3774,17856,4151.3774,4151.3774,0,0,0,0,0,0,0.8185,0.3454,0.8185,0.8185,0,0,0,0,0,0,0.8,0.6099,0.8,0.8,0,0,0,0,0,0
testImages/Cross/Cross9.png:cross,78052.7266,330990.5,212419632,1006886784,629565248,713556864,613431616,479397888,476988896,793507200,0.7971,0.3638,0.5815,0.6055,0.5246,0.7656,1.0625,0.6919,1.2525,0.5608,0.7788,0.9067,0.0986,1.3214,0.2734,0.1875,8,0.1618,11,2.3333
testImages/Pen/Pen1.jfif:pen,3161.1108,35199.7031,7866445.5,35930000,3161.1108,3161.1108,3161.1108,3161.1108,0,0,0.899,0.701,1.0974,2,0.899,0.899,0.899,0.899,0,0,1.5055,0.0982,0.3929,1.5,1.5055,1.5055,1.5055,1.5055,0,0
testImages/Pen/Pen10.jpeg:pen,6264.5991,179760.2969,2421848.25,39140108,243643216,88870744,145955296,6264.5991,6264.5991,6264.5991,0.9484,0.6167,0.6912,0.7,2.25,2.25,2.25,0.9484,0.9484,0.9484,1.5019,0.0835,0.0523,1,1,1,1,1.5019,1.5019,1.5019
testImages/Pen/Pen2.png:pen,2894.1572,64519.5664,1779621,4401985.5,8070243.5,15638284,15638217,2894.1572,2894.1572,2894.1572,0.9625,0.7004,1.1571,1.1852,1.8,2.25,2.25,0.9625,0.9625,0.9625,1.5193,0.0825,0.3571,3,2.5,1,1,1.5193,1.5193,1.5193
testImages/Pen/Pen3.jfif:pen,4478.1714,103669.6875,299124.1875,18216964,24677310,24828968,4478.1714,4478.1714,4478.1714,4478.1714,0.9505,0.5305,0.5504,2,2.25,2.25,0.9505,0.9505,0.9505,0.9505,1,8.3647,11.798,1.5,1,1,1,1,1,1
testImages/Pen/Pen4.jfif:pen,3293.3743,27665.6855,3293.3743,3293.3743,0,0,0,0,0,0,0.87,0.8264,0.87,0.87,0,0,0,0,0,0,1.5055,0.1025,1.5055,1.5055,0,0,0,0,0,0
testImages/Pen/Pen5.png:pen,4457.2393,67777.8594,4457.2393,4457.2393,0,0,0,0,0,0,0.9466,0.9495,0.9466,0.9466,0,0,0,0,0,0,1,0.1105,1,1,0,0,0,0,0,0
testImages/Pen/Pen6.jfif:pen,3621.7749,48302.9609,3621.7749,3621.7749,0,0,0,0,0,0,0.9221,0.7258,0.9221,0.9221,0,0,0,0,0,0,1.2727,7.7907,1.2727,1.2727,0,0,0,0,0,0
testImages/Pen/Pen7.png:pen,4412.5073,81141.0234,7873780,23543342,4412.5073,4412.5073,4412.5073,4412.5073,0,0,0.9562,0.7924,1.6875,2.25,0.9562,0.9562,0.9562,0.9562,0,0,1,0.0985,4,1,1,1,1,1,0,0
testImages/Pen/Pen8.png:pen,4422.3682,77060.0234,23477108,4422.3682,4422.3682,4422.3682,0,0,0,0,0.9541,0.7621,2.25,0.9541,0.9541,0.9541,0,0,0,0,1,0.0834,1,1,1,1,0,0,0,0
testImages/Pen/Pen9.jfif:pen,3662.23,32706.1973,82103.8125,3662.23,3662.23,3662.23,0,0,0,0,0.8106,0.8785,0.8125,0.8106,0.8106,0.8106,0,0,0,0,1.4409,11.8445,0.8667,1.4409,1.4409,1.4409,0,0,0,0
